Month_Index,Forecast_Revenue,Month
13,1362661.374295303,2026-01
14,1384909.1609908622,2026-02
15,1407156.9476864217,2026-03
